konferencja 0;konferencja 1;konferencja 2;konferencja 3;konferencja 4;konferencja 5
lvezfaczqvxhljttnmttwhssawixu@gghtjd.fi;beppuyrbgpydmsjrmcpma@fzmj.af;lucnwkqxgktpasxboavjeg@ejriqbr.ba;cbbzuarcpsl@lfznlyuuf.se;briamvvmgjmdhzazadfj@xuhku.at;txdmjuunhlsbkgtqhchllqaqjmb@wok.ua
ppmitv@vef.ba;hcrcncwgurrjk@amwr.ua;hhwefxkuzjtisixl@wok.es;nnzyuaglfaajzjbslzm@kiv.af;olbefvrcd@pzjerp.es;hkqsyztvipzi@wcnx.uk
ivycltinjlavfkpulnrao@mpqsld.af;vcuelufzqmjbzddzonbsgg@kosevsxxz.fi;ctiyb@eqxvyp.ba;tbkkkuaagokqg@dmkmdfpdyn.ru;dvialwtuubxzwdtxob@oahrg.at;yshscfmldksuargdpaki@oiy.cz
orwfdw@wok.fi;dimpcgydp@cygyi.es;mykotvlbrihmzkocczftkv@ueh.sm;ktwqu@wok.dk;pjlgeazobqlgmysptuunyxoaodz@ptndv.at;mhigscufcbokllrqwymtcifrtcren@ksnrtaffj.by
bpyxlfylxdxwuhccpqvdg@lasaq.se;culgkdrhypverhc@mxbuysxj.ru;ochxmdjth@bymufcfm.br;cdxaghhtlrpcnyrknwlcw@zqtwhscaf.se;couszrnqxzdntvmy@mcaltxvj.pl;cznenbguuzwlmjbgrlacyjhz@cvtdmz.at
xyukr@fszuubaeub.fi;dryqtznfqwpyihxmsjpep@larbtbh.ar;jzjmfgdlpecltyqgwb@ybxxvmllfd.ca;xnaazcwgpopb@yqliqpxxka.ca;hzbifkgvxovvsnrufcxp@zsbauw.es;nwqzlhbpawvcsdme@fau.ru
smyhzjmjtqjwsvvexsvghz@wok.ua;hfaoeziqinfvqdcoscnhkaavwr@zcofsryqqk.pl;qljtqfphebsdb@uqlsoip.ba;fvugsvnawsp@ychm.se;zsfhoyylbcaz@famlu.af;zsxsufurbxhp@uamcdimz.pl
ejk@pjsnaeveqy.dk;dgjz@qbsldgjpv.br;lirvdbpdl@hfzcbiixt.af;ijztjlofqcxheoggzuv@vtx.ba;alyrhvghozkkbvwydrjqke@hfzcbiixt.fi;hekwckwtyqqdvarkqjomywh@wok.ru
cjsfziw@jsadpqi.cz;ymgekpeqoomhaiaieew@wok.ru;ugffqfpykswaywoxwpcgefshhh@nvvnizn.se;bnlgklbhnpcix@akfkeevs.br;ansylejrmsqnxducx@yxysdv.br;vtqqwiwqchegaptk@wok.ua
beppuyrbgpydmsjrmcpma@kkgisp.pl;efxkqu@wok.cl;ykejyunwxwxwftccvvyiebzlvx@wok.at;wqhxvdmqxrzqycdoipgbdsxdtoajh@vef.uk;uybh@uxsopsikbg.ar;hoiionidicankeklpmohlizgtz@wok.sm
qvgqtygopwyarcxdboapavqx@pvzfucptvp.se;tamfpbxgcglfd@wok.cl;jvbhzgfgmofbcppztymesrehjc@xhcifccku.at;jxjyrjhnvwrxvhecbakisjp@ibgaadwcco.fi;xzexfhkphvhum@wok.at;orwfdw@wok.fi
nalbqwmp@ssdgetdbys.uk;idkmkbacsctdmdakeagluuxvqbcgb@stsl.ua;qljtqfphebsdb@utozh.af;briamvvmgjmdhzazadfj@bienxdbd.ba;dgzbjxxgdxyunqyzxghbvrdrbd@qxkbzsjz.cl;hhwefxkuzjtisixl@wok.se
tdocgfvijuzhone@zzyjbobjcx.fi;qljtqfphebsdb@uamcdimz.es;ptwttqxqyljtuxqstphttzkcnpnl@wezgtexd.cz;ytzxizuuhbshcfrv@wok.fi;hfaoeziqinfvqdcoscnhkaavwr@zcofsryqqk.pl;zsxsufurbxhp@qdxcszdt.cl
qekv@udfcjpuhjk.af;lirvdbpdl@etraamocz.ba;vlzayzdetrrpesqyotmb@wix.ca;gqupuadngvuopvdcf@xkllkjja.ua;kdls@ptllgohbo.ba;sjafr@utmffmm.ua
qhwchoatcuuabbpvrquicgcjpnjmew@bmjbmgzaf.fi;kjoaympljshx@wok.es;diqfptyflq@akbzuiq.de;angtztykkjrfmbuietroxqgwrcswgi@evyroerbie.sm;kqbvyigpsjjmqlxpjypmszjnkry@sgjpbxkb.ua;thav@wok.cl
wynltmxpygtizzqmxt@wok.ar;ansylejrmsqnxducx@uqlsoip.dk;ptwttqxqyljtuxqstphttzkcnpnl@sbyubstbmc.fi;xyukr@fszuubaeub.fi;thav@wok.cl;gzrexzdibggs@oytcxdfzow.de
xapdrotdznngrkkqy@cwqye.sm;xyukr@hfzcbiixt.ca;hcrcncwgurrjk@isntphktfl.de;hhwefxkuzjtisixl@wok.es;azogrodldhtmmwpmqvjpfbh@xgvhkyy.de;occjts@lfznlyuuf.br
iifvgnwqicqa@mlz.cl;hhwefxkuzjtisixl@wok.es;gesp@jhgadvzqi.ar;lvezfaczqvxhljttnmttwhssawixu@kkgisp.ua;noriyvhouckw@wok.at;swvuqdgvsrullelhxwzsfjoalzgk@cbya.by
gesp@shsqbxtt.fi;hebejqcxwcihtwmlhmtg@hsw.uk;yeieazwlvkgyafoisnubrqjhviisdr@fehj.pl;dnphc@qcrohwtuqx.af;nnzyuaglfaajzjbslzm@artduww.fi;qqpgoxfljuiz@wok.cl
ruc@kdii.ua;couszrnqxzdntvmy@lgbm.ca;wtcistagvldeeyw@ngaexurotx.se;upmnkugqgfyotlkzatbwufcl@amwr.at;bnbeokroxv@pefowzqorc.ar;hnwvyt@uwu.ca
wotcinplbwjipactepkyk@ead.sm;ctiyb@akbzuiq.ua;nkpbipqmub@wvhtos.ua;iprlgtvizpkwvuauknybo@wok.ba;wkniuffkvzqswdfqhfnxg@wok.ar;bbzjrwbrgrywmlzeohnfgyjq@dyl.at
nnzyuaglfaajzjbslzm@artduww.fi;zdxopiskgeomcdkgzfaxrhfgh@ead.cz;ruc@kdii.ua;mhigscufcbokllrqwymtcifrtcren@evyroerbie.ba;ujwgmdnulhhytdybxdinabb@pkns.es;lqzdoyrfjcvoehvjp@mcaltxvj.dk
kwxakssjltmxdohukslxqtdjokwvsj@grtdovinnr.ba;briamvvmgjmdhzazadfj@xuhku.at;rcsohozimrlilgysgfmhx@uxiaxufay.by;wwgxrxlazhltfizoy@irkdwhaxi.af;ijztjlofqcxheoggzuv@npnpnctdp.de;jabbun@ylgiw.fi
gesp@mmqcyirc.cz;nyimhyutfqsncuqleopjfu@kdii.se;bnbeokroxv@wdn.ua;cdnitatkllvcvycrdkdlzgvkpjan@wok.es;iprlgtvizpkwvuauknybo@wok.es;qhwchoatcuuabbpvrquicgcjpnjmew@bmjbmgzaf.fi
ykfvxlot@cabnhbne.ca;tdocgfvijuzhone@zzyjbobjcx.fi;dpobbznglqrypxnryxcxbfv@kyreyoqml.cl;nyimhyutfqsncuqleopjfu@mlwyokn.es;yjl@jicctch.sm;ffjfovboerdonvdnxu@vfs.ba
xyks@ilef.cz;dtxkeiaut@pjsnaeveqy.cl;oej@wok.de;zr@kdii.cl;ngjsyzgtbbfxqxpiu@decajwyrqm.at;lkwqnqx@oahrg.cz
olbefvrcd@rzjchy.sm;dtlelfiahsqfmodjeoocul@ahn.ua;gggfrbjbvxvlitszcnxdxjwr@wok.pl;briamvvmgjmdhzazadfj@cwu.es;dtxkeiaut@yhaku.pl;lirvdbpdl@etraamocz.ba
atkoamcfilsciwbmfbfkjenlr@qwljailo.ca;yhyccevbpywgeoczhuexiyipdgo@vwd.by;lztdadzsovcuhksmesmif@ftgwj.at;oj@oiy.de;tamfpbxgcglfd@wok.cl;dlweaokxbohveyazucsnhgalyvtvbt@lzyzihao.de
rajvjqgsfwts@aadfaf.ua;hnwvyt@uwu.ca;ufbucsgfyxcunqdtyiiohhrht@glbgbyu.fi;fvugsvnawsp@worv.es;raifwsripgsajdwmwreoalptd@oitm.ru;fghrn@qdjnkv.dk
idkmkbacsctdmdakeagluuxvqbcgb@uxg.es;arivbalqmzzlvrq@zelslz.cz;kjpl@wok.by;tkrstlwxo@kcf.by;lvezfaczqvxhljttnmttwhssawixu@viet.by;ykejyunwxwxwftccvvyiebzlvx@wok.at
jhmwxqbphcfafxwjfcltrohsju@wezgtexd.at;ufmryhwwkdfkzzpteup@zhh.ru;jhmwxqbphcfafxwjfcltrohsju@tzy.ru;txeidmbjmpcmppylvaxrxwgcbchtdt@xdpmsltjn.ua;lztdadzsovcuhksmesmif@vecngtrc.ba;ppasectficmugusmrfqriklpy@uqlsoip.uk
ektznvkmlyrewsgdmsvgfjzofdbkb@ueh.af;mhigscufcbokllrqwymtcifrtcren@ibaf.ru;bqkeermv@wok.af;couszrnqxzdntvmy@pxfyryxl.sm;hfaoeziqinfvqdcoscnhkaavwr@jmrwtbc.ba;dev@kct.by
otgwuladierhprivydiivtmgpfhf@hfzcbiixt.ar;bbzjrwbrgrywmlzeohnfgyjq@dyl.at;neolemgsw@osaslunew.se;nyimhyutfqsncuqleopjfu@sjuzabv.uk;yhyccevbpywgeoczhuexiyipdgo@xhcifccku.se;pxgoxtxebmxnx@nvvnizn.se
ttpsktatnlfhvfvynmqjl@wok.ca;qhwchoatcuuabbpvrquicgcjpnjmew@bmjbmgzaf.fi;eolsmrrxpemkjhyicph@ihljrjp.ua;xevtwccbjkhlkqhr@wok.cz;dxuqnzszwufibcwxlgddvmnknx@tzy.pl;tggspmooeqdwcuvkacigovigguobj@eihjjjgpen.by
ykfvxlot@vgasse.ar;virkwcoonpt@bqqvlphsba.at;obehgoooffldthpqafcxrtziodtv@mwcus.ru;okjqrjixmcwtggriq@pvrkpyo.cz;uskoknhevmcungtctmgaqwlga@qwdh.cz;mlhcgkryeyxpzquxyrgyef@cbeerpjcw.br
cjsfziw@itonmbxdc.at;fbxpuxdkeupqslbydskfiptyzedoue@wok.at;ektznvkmlyrewsgdmsvgfjzofdbkb@vrhxpwzb.fi;ootstiipwujr@dprplrey.se;kwxakssjltmxdohukslxqtdjokwvsj@dvev.fi;xyukr@hfzcbiixt.ca
dpobbznglqrypxnryxcxbfv@egtnadhn.pl;qvgqtygopwyarcxdboapavqx@qwljailo.pl;ufmryhwwkdfkzzpteup@idr.at;eelgbmmhtxf@wok.es;qekv@gegavijh.cz;xevtwccbjkhlkqhr@wok.br
yzcjsqjmjczvtig@wdn.cz;keirmlbtjfxoyfubvrgwvlgv@yspdso.ar;upmnkugqgfyotlkzatbwufcl@amwr.at;jbvhyhyafhlrpyszznre@zblpljuv.br;ijfydsbwpulewzljtwmmxysej@znugaqu.af;igfatfmksol@wok.sm
fkxeoduko@sacgjdk.ar;bntxuszbxorjdlehr@xnqjjxshg.es;gesp@ranac.ca;dlweaokxbohveyazucsnhgalyvtvbt@lzyzihao.de;tduiqhhpdebaffw@tzy.ba;mer@hbqol.cl
bbzjrwbrgrywmlzeohnfgyjq@dyl.at;charslmrfpugsabaahe@wok.ar;qschhcinplkyhzzafdfapmio@fau.es;ctiyb@kosevsxxz.sm;pdpqxlhyfxpukompamqmrcpzsf@fpxyquqyog.by;beppuyrbgpydmsjrmcpma@bxzytaq.fi
xevtwccbjkhlkqhr@wok.cz;ymglgcuyjxzysiklojlmqmkqaq@cabnhbne.fi;jcr@eww.se;hdesnnbomivpkzgwaboxisj@vkwkzswdq.dk;lztdadzsovcuhksmesmif@jkhsetj.es;gyi@wok.ar
dlweaokxbohveyazucsnhgalyvtvbt@isntphktfl.cl;drvqyhxaporbqighcxtggdmw@rycz.ba;nkpbipqmub@yncclzsqh.cl;zsxsufurbxhp@uamcdimz.pl;drvqyhxaporbqighcxtggdmw@zyrpsryhvm.ba;ktwqu@wok.dk
qchdfqbkcrmlgv@kirsu.sm;lluzfcuggqcxrpknfmjrjlvanmn@hfzcbiixt.ca;ppmitv@esnpuhlo.br;qllt@akbzuiq.ba;bqkeermv@wok.af;ctiyb@nmmlg.cz
cdnitatkllvcvycrdkdlzgvkpjan@wok.es;noriyvhouckw@wok.at;tptwdhtohqcffq@yczeuphxfx.cl;lzcufg@fehj.ca;hebejqcxwcihtwmlhmtg@uyute.cl;tjwztnqeuuugoiwey@ejriqbr.ar
ivycltinjlavfkpulnrao@qdieeqdb.fi;rtdyfzhkbfcplhefraytz@bboclqryh.by;zsxsufurbxhp@qdxcszdt.cl;mykotvlbrihmzkocczftkv@jqphkgj.fi;xzexfhkphvhum@wok.se;uybh@kysvwnzxeb.ru
uzycasjamcbrgzxebmd@tbudb.dk;tjwztnqeuuugoiwey@ejriqbr.ar;hoiionidicankeklpmohlizgtz@wok.sm;yvgee@rdpyfq.ba;xrpheyoqlaqoso@isdcudwry.se;ddglswxmlrwedmdqhnagtmixzy@imfdxc.by
zsxsufurbxhp@uamcdimz.pl;eilciqwluiouuwnnjxx@cwqye.de;psfzivhyvquwdzmkcsikphtozps@easogc.fi;lucnwkqxgktpasxboavjeg@ejriqbr.ba;erqmjriirwuplftcvpfe@lojmkfdkpl.de;vtqqwiwqchegaptk@wok.ba
ujwgmdnulhhytdybxdinabb@worv.br;ktwqu@wok.dk;rhvefretdphpbwrdlsscrckf@cwu.pl;dtxkeiaut@akfkeevs.fi;wqhxvdmqxrzqycdoipgbdsxdtoajh@znugaqu.by;aqtlhvnpdr@wok.pl
dtxkeiaut@gnpajskzb.uk;hebejqcxwcihtwmlhmtg@uyute.cl;ansylejrmsqnxducx@uqlsoip.dk;nsywzgizodmpzduvloajeothmh@vgasse.pl;okjqrjixmcwtggriq@avgzvwzgb.uk;isay@waws.cl
ducbtdarqqksmssqvfaksbgx@etj.dk;dxuqnzszwufibcwxlgddvmnknx@wvpzkz.ar;phnle@kyreyoqml.at;jmxefxasguvjkqpxeqqocsewn@yhaku.ru;iifvgnwqicqa@esnpuhlo.cz;wkniuffkvzqswdfqhfnxg@wok.br
ymglgcuyjxzysiklojlmqmkqaq@mpqsld.cl;jzjmfgdlpecltyqgwb@etoupp.ru;zwqlj@wok.de;kjz@tzgaysxc.pl;arivbalqmzzlvrq@cqxdsdeo.ar;abw@qdxcszdt.de
jhmwxqbphcfafxwjfcltrohsju@xbt.dk;nkpbipqmub@kkgisp.ar;rxoopezoyczcknudru@lbnkhne.af;pxqgoobllllwdnvclsuzkycupubz@etoupp.pl;bntxuszbxorjdlehr@pvrkpyo.cz;vgxoqsitsaerdbtrxypfsfmmasqq@ahhm.cl
scknjengrhandmfmgatbdgdtrwjsq@dmkmdfpdyn.de;ckatcqvzni@bvkzlqhdt.uk;ufmryhwwkdfkzzpteup@ovq.by;ochxmdjth@tzgaysxc.pl;uskoknhevmcungtctmgaqwlga@lzds.af;nyimhyutfqsncuqleopjfu@kdii.se
tjwztnqeuuugoiwey@ejriqbr.ar;kyegjmqtrbtzefqlrixy@fboocadbni.cz;hkqsyztvipzi@ftf.ua;bnbeokroxv@lgbm.uk;yhyccevbpywgeoczhuexiyipdgo@zmaaqhtugn.cz;uybh@qfeeuco.br
jwkvlvvb@boxtxvkvb.ua;dtlelfiahsqfmodjeoocul@izghtapi.de;tamfpbxgcglfd@wok.cl;gftvlseys@wok.se;kazbrkatswhzhxdqdes@wix.es;oej@wok.es
gqupuadngvuopvdcf@bxzytaq.ar;ivycltinjlavfkpulnrao@isrymguyxt.pl;mhigscufcbokllrqwymtcifrtcren@racholujgb.ar;fgyhfe@wcrkehnp.af;qljtqfphebsdb@uqlsoip.ba;zwqlj@wok.pl
vjyxcutxnxsebbtjuhov@wok.cz;briysriqlywfs@ljcwsdmb.ba;zepchmlgio@evyroerbie.sm;vbnahxexchwrbsxfedq@dyhxycnh.dk;diqfptyflq@mwaedserli.cl;hzbxtzfldwtqswwcjxfsghdx@kiv.ca
arixqrodhtfmnjywlnage@okdcqqe.ar;ducbtdarqqksmssqvfaksbgx@pan.af;bbzjrwbrgrywmlzeohnfgyjq@dyl.at;ppmitv@jicctch.uk;obmcirwwsidsqygj@uij.ru;fdpqblfjnlmwbiwxeppq@vef.at
tphcpgynuqar@izghtapi.cl;briamvvmgjmdhzazadfj@cwu.es;jcr@eww.pl;cja@wok.sm;erqmjriirwuplftcvpfe@moafr.by;iprlgtvizpkwvuauknybo@wok.ba
acslhtmpfyhxr@sbyubstbmc.ru;hhlkegtik@etraamocz.br;nsywzgizodmpzduvloajeothmh@bft.at;ngjsyzgtbbfxqxpiu@decajwyrqm.at;hebejqcxwcihtwmlhmtg@zzyjbobjcx.cl;kjpl@wok.at
abw@qdxcszdt.de;hfaoeziqinfvqdcoscnhkaavwr@jmrwtbc.ba;gilrazoed@rpxtifwv.at;lvezfaczqvxhljttnmttwhssawixu@xnnnp.sm;cdnitatkllvcvycrdkdlzgvkpjan@wok.cz;cwzjzimvxqrkcppbakngbexpoyvdeo@hjsxjoyzma.de
nyimhyutfqsncuqleopjfu@sjuzabv.uk;mlhcgkryeyxpzquxyrgyef@cbeerpjcw.br;zdxopiskgeomcdkgzfaxrhfgh@ead.cz;dqwjjraihubn@akfkeevs.ca;hwpzbwqmmztnuipwdwjoypa@yvyftik.fi;ugffqfpykswaywoxwpcgefshhh@nvvnizn.se
qschhcinplkyhzzafdfapmio@grtdovinnr.de;vgxoqsitsaerdbtrxypfsfmmasqq@lryzqaboy.de;hebejqcxwcihtwmlhmtg@jnc.at;zsfhoyylbcaz@gnbxvnnopd.by;hobuhkadl@hfzcbiixt.ar;qzadysztazgyrmitqzual@wok.af
rdrtjnbkjbvcwibczn@lojmkfdkpl.by;oajvbccwwfmxcnjjpipbbkrudukiu@zyqzsnsy.ru;abw@qdxcszdt.de;necleossyquibvzncsrxgbbi@wok.cl;mxpgwwdstuwnyyltdlduyslx@shhsendiiy.de;nsct@hjsxjoyzma.br
bpyxlfylxdxwuhccpqvdg@utpq.ca;kmdnihdudrq@ycaaicr.ca;ymglgcuyjxzysiklojlmqmkqaq@racholujgb.se;kmdnihdudrq@tsjy.cl;kjkuidlduykdcy@pwkz.fi;rhvefretdphpbwrdlsscrckf@cwu.pl
zr@kdii.cl;ftfhtprfme@etoupp.at;hcrcncwgurrjk@amwr.ua;cusvqoxeqdwdllxuhkfbp@fpxyquqyog.uk;aqtlhvnpdr@wok.ba;ppasectficmugusmrfqriklpy@dqclbpvzcd.ca
no@cbya.ar;pjlgeazobqlgmysptuunyxoaodz@gophttna.ar;lirvdbpdl@fszuubaeub.cz;jxjyrjhnvwrxvhecbakisjp@viet.de;hhwefxkuzjtisixl@wok.es;zjsmptvilfcicd@kext.br
uzycasjamcbrgzxebmd@znugaqu.uk;tkrstlwxo@xgvhkyy.dk;txeidmbjmpcmppylvaxrxwgcbchtdt@xlb.es;vgxoqsitsaerdbtrxypfsfmmasqq@lryzqaboy.de;ncnojrzmzn@nbt.af;nyimhyutfqsncuqleopjfu@artduww.ba
nmctv@pan.cz;bntxuszbxorjdlehr@irkdwhaxi.ca;dimpcgydp@zwbvzingg.br;ourlqrmkcaaiyqcuutccxsshdsg@zfsgsern.dk;idt@wok.at;rtyjyhderildmp@hsw.sm
hcrcncwgurrjk@isntphktfl.de;rxoopezoyczcknudru@njqx.cl;cwzjzimvxqrkcppbakngbexpoyvdeo@xcyuvy.br;eolsmrrxpemkjhyicph@ihljrjp.ua;ykfvxlot@rycz.ca;mnzzfbgfvvozye@ybxxvmllfd.ba
culgkdrhypverhc@shhsendiiy.by;xyks@mpsecu.ua;swvuqdgvsrullelhxwzsfjoalzgk@agals.uk;ivycltinjlavfkpulnrao@bxjhuub.pl;hhlkegtik@khtovn.sm;otgwuladierhprivydiivtmgpfhf@xllbln.se
rhvefretdphpbwrdlsscrckf@cwu.pl;qymsqocimprrytcortbi@hxvbjqtusl.br;cdnitatkllvcvycrdkdlzgvkpjan@wok.cz;hzbxtzfldwtqswwcjxfsghdx@kiv.ca;ncnojrzmzn@nvp.by;atkoamcfilsciwbmfbfkjenlr@yxh.dk
hzbifkgvxovvsnrufcxp@mmqcyirc.fi;upmnkugqgfyotlkzatbwufcl@amwr.at;gn@pvzfucptvp.ar;eudavbkbrlazsbjlvgwlujowu@viet.at;jcr@fisdm.se;gplvkaxgkzhwijssmcat@mxbuysxj.dk
fnverpb@fszuubaeub.de;vjyxcutxnxsebbtjuhov@wok.cz;smyhzjmjtqjwsvvexsvghz@wok.af;cbbzuarcpsl@opggeamc.de;virkwcoonpt@bqqvlphsba.at;hcrcncwgurrjk@amwr.ua
hkqsyztvipzi@gozqs.uk;fgyhfe@wcrkehnp.af;hbrjqdkfnqyztxgzu@gjl.sm;oajvbccwwfmxcnjjpipbbkrudukiu@zyqzsnsy.ru;uskoknhevmcungtctmgaqwlga@gsilzhfaj.af;swvuqdgvsrullelhxwzsfjoalzgk@ftf.fi
fkmvbwxbfixmsbaprbsrxnalti@easogc.sm;atkoamcfilsciwbmfbfkjenlr@xlb.pl;idkmkbacsctdmdakeagluuxvqbcgb@irkdwhaxi.at;eeseb@pljmbxgi.fi;tphcpgynuqar@izghtapi.cl;smyhzjmjtqjwsvvexsvghz@wok.uk
dgzbjxxgdxyunqyzxghbvrdrbd@sgjpbxkb.es;wenbcploy@fehj.ca;zr@kdii.cl;pxgoxtxebmxnx@dqclbpvzcd.ua;cjsfziw@isrymguyxt.by;dtlelfiahsqfmodjeoocul@ahn.ua
dlweaokxbohveyazucsnhgalyvtvbt@lzyzihao.de;ruc@bqqvlphsba.sm;dqwjjraihubn@wnldx.br;xrpheyoqlaqoso@ssdgetdbys.es;cznenbguuzwlmjbgrlacyjhz@tprimph.dk;ymglgcuyjxzysiklojlmqmkqaq@xlwxbssr.uk
idt@wok.at;hmhnhawhelnblmdckqezjbpsbntcm@nzmkjoae.cl;otgwuladierhprivydiivtmgpfhf@btmlbi.cz;jhmwxqbphcfafxwjfcltrohsju@qvsssahiz.af;mykotvlbrihmzkocczftkv@xwr.ua;etbvoyrwnrjewwoechtjtpxgjxt@irkdwhaxi.se
zsxsufurbxhp@uamcdimz.cz;yeieazwlvkgyafoisnubrqjhviisdr@fehj.pl;nalbqwmp@tmohtbj.br;uskoknhevmcungtctmgaqwlga@worv.by;oej@wok.de;mwhgcfxtyphaso@nzntf.cz
hbrjqdkfnqyztxgzu@wvpzkz.ua;bnbeokroxv@cuowszpk.se;erqmjriirwuplftcvpfe@wnldx.sm;gzrexzdibggs@padodntek.ar;rajvjqgsfwts@nhayyitzk.br;xzexfhkphvhum@wok.se
grtedtcguvgfrqemhuegcsqhhoip@wok.se;ppasectficmugusmrfqriklpy@dqclbpvzcd.ca;yshscfmldksuargdpaki@tsjy.dk;diqfptyflq@wnldx.cl;hwpzbwqmmztnuipwdwjoypa@hhy.fi;ijzelphoiieworoukf@okdcqqe.br
huzfmvqsirdsrcbbjqzrciygihig@wok.ru;yhcpogihwfbk@galongk.br;vlzayzdetrrpesqyotmb@opggeamc.ar;yjyhptvflowlzadedvoyrcddgrc@smjbitk.pl;qllt@gejabo.uk;tggspmooeqdwcuvkacigovigguobj@wvpzkz.uk
nyimhyutfqsncuqleopjfu@mlwyokn.es;ssabdgppy@nzmkjoae.at;kwdjzumynenpokppopoaruu@ojblwm.se;ssoqmbenhcjbrilahiavoetyonxeq@cwqye.at;lkwqnqx@qdieeqdb.pl;culgkdrhypverhc@jxuznxdd.de
hfaoeziqinfvqdcoscnhkaavwr@jmrwtbc.ba;hzbxtzfldwtqswwcjxfsghdx@zyqzsnsy.cl;beppuyrbgpydmsjrmcpma@cuowszpk.fi;gqupuadngvuopvdcf@wngy.cz;lzcufg@fehj.ca;briamvvmgjmdhzazadfj@xuhku.at
lrfosdfcigaksjppimo@vfs.br;aqtlhvnpdr@wok.pl;tcxlmqauboxxztawg@bacjb.es;uvez@wok.se;vxbclnsdrfnropisfbmshnqgqej@isntphktfl.by;yjyhptvflowlzadedvoyrcddgrc@smjbitk.pl
vhhocgdjnqrwvtnczuajm@wok.br;ijztjlofqcxheoggzuv@dyhxycnh.ar;bvjwonautdxqkx@fehj.pl;bqkeermv@wok.af;fdxcf@zfsgsern.at;binrzwexeam@mpqsld.at
rtyjyhderildmp@hsw.sm;eolsmrrxpemkjhyicph@ihljrjp.ua;qjzuleyy@chf.fi;hebejqcxwcihtwmlhmtg@jnc.at;dvialwtuubxzwdtxob@wvhtos.br;arivbalqmzzlvrq@zelslz.cz
kjoaympljshx@wok.es;eeseb@pljmbxgi.fi;zsfhoyylbcaz@qfeeuco.ca;vlzayzdetrrpesqyotmb@tzy.ua;rtyjyhderildmp@hsw.sm;ijzelphoiieworoukf@hfzcbiixt.af
qymsqocimprrytcortbi@dmkmdfpdyn.af;zjsmptvilfcicd@oqvjjpdz.pl;pbbejy@nvp.pl;ytyckyxinhccszppbzdknbw@mpqik.cz;briamvvmgjmdhzazadfj@cwu.es;upmnkugqgfyotlkzatbwufcl@btmlbi.cz
sjafr@yqliqpxxka.se;grtedtcguvgfrqemhuegcsqhhoip@wok.se;yshscfmldksuargdpaki@xbt.by;lluzfcuggqcxrpknfmjrjlvanmn@waws.sm;nwqzlhbpawvcsdme@udfcjpuhjk.se;yzcjsqjmjczvtig@nzmkjoae.pl
azogrodldhtmmwpmqvjpfbh@vgasse.cl;ffjfovboerdonvdnxu@vfs.ba;lirvdbpdl@etraamocz.ba;oj@utpq.es;wynltmxpygtizzqmxt@wok.ar;bnlgklbhnpcix@zhh.ru
mqticxwmnykhlcjme@ocbek.uk;ijztjlofqcxheoggzuv@ssdgetdbys.sm;ttpsktatnlfhvfvynmqjl@wok.ca;pdpqxlhyfxpukompamqmrcpzsf@vzn.at;qllt@vkwkzswdq.es;kjpl@wok.by
jzjmfgdlpecltyqgwb@qvsssahiz.by;obmcirwwsidsqygj@uij.ru;tjwztnqeuuugoiwey@yvtzngsw.by;fghrn@qdjnkv.dk;phnle@lsaotsxrin.dk;ibmohbgrckbhfbk@kyreyoqml.de
gesbsnructafygxxcajtvqujkveu@imhaqt.ru;nnzyuaglfaajzjbslzm@kiv.af;ptwttqxqyljtuxqstphttzkcnpnl@yhaku.by;yjl@akfkeevs.by;hkqsyztvipzi@ivamk.af;fbxdtyltydhgtgrz@wok.ua
jbvhyhyafhlrpyszznre@zfsgsern.se;mnzzfbgfvvozye@opggeamc.af;mnzzfbgfvvozye@bxjhuub.ua;mhigscufcbokllrqwymtcifrtcren@tbudb.es;smyhzjmjtqjwsvvexsvghz@wok.ua;xfmlliaymqbyboielimfu@nzntf.ru
smyhzjmjtqjwsvvexsvghz@wok.uk;hkqsyztvipzi@pwkz.ba;lucnwkqxgktpasxboavjeg@tzgaysxc.ba;oj@qvsssahiz.by;gesp@gjl.af;ihkjflydsrju@ajkd.sm
siyqiowghutxp@wltepkbyc.de;yhcpogihwfbk@gozqs.pl;xyukr@fszuubaeub.fi;exixfgjaeaigqrjmzwbftlntjzwn@padodntek.sm;ijfydsbwpulewzljtwmmxysej@mqgk.ba;wynltmxpygtizzqmxt@wok.ar
zsxsufurbxhp@isntphktfl.se;otgwuladierhprivydiivtmgpfhf@btmlbi.cz;imjpcbbm@opggeamc.es;tmguldpvgf@ranac.ru;hzbxtzfldwtqswwcjxfsghdx@kiv.ca;jzjmfgdlpecltyqgwb@tsjy.br
culgkdrhypverhc@aadfaf.at;nnzyuaglfaajzjbslzm@gvgapdzuou.pl;vgxoqsitsaerdbtrxypfsfmmasqq@lryzqaboy.de;angtztykkjrfmbuietroxqgwrcswgi@ivfov.fi;idgiptckagwx@rycz.ar;tdocgfvijuzhone@zzyjbobjcx.fi
exixfgjaeaigqrjmzwbftlntjzwn@hbqol.es;smyhzjmjtqjwsvvexsvghz@wok.af;ihkjflydsrju@gjlrkykl.sm;hebejqcxwcihtwmlhmtg@uyute.cl;cdxaghhtlrpcnyrknwlcw@ranac.ca;hcrcncwgurrjk@isntphktfl.de
dimpcgydp@znugaqu.br;zdxopiskgeomcdkgzfaxrhfgh@pymprwke.ru;nyimhyutfqsncuqleopjfu@sjuzabv.uk;kyegjmqtrbtzefqlrixy@tzy.ba;mqticxwmnykhlcjme@yhtkyxxdba.de;efxkqu@wok.cl
eogspcmtokikqaugdqyty@nmmlg.fi;ruc@amwr.ca;qzadysztazgyrmitqzual@wok.af;ppasectficmugusmrfqriklpy@dqclbpvzcd.ca;vbnahxexchwrbsxfedq@nmmlg.ru;ruc@kdii.ua
mhigscufcbokllrqwymtcifrtcren@jsswlq.af;otgwuladierhprivydiivtmgpfhf@hfzcbiixt.ar;ujwgmdnulhhytdybxdinabb@yue.ru;tkrstlwxo@wdn.br;laqxscblsyrotqz@xzxsgf.sm;eswj@kext.ba
ytyckyxinhccszppbzdknbw@isrymguyxt.ru;zepchmlgio@zfsgsern.dk;nyimhyutfqsncuqleopjfu@artduww.ba;mamvfazoakjenojhaumnicofgnbm@cwu.fi;qqpgoxfljuiz@wok.cl;gqupuadngvuopvdcf@tsjy.cz
lqzdoyrfjcvoehvjp@ccp.br;fnverpb@skymzxknjd.ar;lvezfaczqvxhljttnmttwhssawixu@hhjsomr.ba;beppuyrbgpydmsjrmcpma@zblpljuv.ba;wwgxrxlazhltfizoy@drudal.cl;jxjyrjhnvwrxvhecbakisjp@bft.uk
pxgoxtxebmxnx@dqclbpvzcd.ua;ncnojrzmzn@seu.af;fuxaiht@fcfxnqhpn.cz;oej@wok.de;ndynoktuabg@izghtapi.uk;fgyhfe@wcrkehnp.af
bntxuszbxorjdlehr@snlpoks.by;xyks@ilef.cz;obehgoooffldthpqafcxrtziodtv@lzds.by;nyimhyutfqsncuqleopjfu@kdii.se;moo@avgzvwzgb.pl;gggfrbjbvxvlitszcnxdxjwr@wok.pl
kqbvyigpsjjmqlxpjypmszjnkry@worv.by;xevtwccbjkhlkqhr@wok.cz;wkniuffkvzqswdfqhfnxg@wok.br;no@zangp.fi;kyegjmqtrbtzefqlrixy@nbeqcylup.sm;zepchmlgio@ranac.ca
kmdnihdudrq@glbgbyu.ca;ugffqfpykswaywoxwpcgefshhh@nvvnizn.se;beppuyrbgpydmsjrmcpma@cwqye.by;etbvoyrwnrjewwoechtjtpxgjxt@oytcxdfzow.af;tptwdhtohqcffq@yczeuphxfx.cl;xyks@ilef.cz
mpfn@nednhdcag.at;qktbohuzjmubjeoaliw@zyrpsryhvm.cz;lrfosdfcigaksjppimo@vfs.br;hdesnnbomivpkzgwaboxisj@kqljjnx.cz;eilciqwluiouuwnnjxx@xnqjjxshg.ca;lirvdbpdl@hfzcbiixt.af
clqd@cuddbnapy.by;jiibpcgcohaf@fkhrkebghm.cz;gyi@wok.ar;eswj@kext.ba;fkxeoduko@njqx.cz;qqpgoxfljuiz@wok.es
kwxakssjltmxdohukslxqtdjokwvsj@pwkz.se;uskoknhevmcungtctmgaqwlga@zblpljuv.by;rbyoaiyvasy@tzy.ba;ckatcqvzni@dstvqioz.fi;vhhocgdjnqrwvtnczuajm@wok.de;lfbqsujiwgihqoxxz@jmrwtbc.fi
pxgoxtxebmxnx@nvvnizn.se;lzcufg@fehj.ca;dxuqnzszwufibcwxlgddvmnknx@dunfmelzn.es;pbbejy@nbt.af;dimpcgydp@kqljjnx.ru;alyrhvghozkkbvwydrjqke@hfzcbiixt.fi
yhcpogihwfbk@gspyxf.cz;tkrstlwxo@qvsssahiz.dk;kjkuidlduykdcy@lzds.ru;hfaoeziqinfvqdcoscnhkaavwr@jmrwtbc.ba;beppuyrbgpydmsjrmcpma@ueh.af;iprlgtvizpkwvuauknybo@wok.es
rbyoaiyvasy@caa.ba;uvkkmkhiaawxsrwsezpxrnqqhv@wok.es;kazbrkatswhzhxdqdes@wvhtos.ca;jbvhyhyafhlrpyszznre@racholujgb.ar;fdxcf@gnpajskzb.fi;oej@wok.de
vcuelufzqmjbzddzonbsgg@vgasse.es;hkqsyztvipzi@rqkdbz.at;cz@apatas.cz;zmc@fkhrkebghm.se;uybh@eduxgpfjk.dk;uskoknhevmcungtctmgaqwlga@dzz.pl
ujwgmdnulhhytdybxdinabb@uynr.cz;xzexfhkphvhum@wok.se;dvialwtuubxzwdtxob@ypqkns.se;lqzdoyrfjcvoehvjp@yvyftik.by;fghrn@qdjnkv.dk;ohzzyyqehhfgznnxvgri@wok.af
kazbrkatswhzhxdqdes@zrkp.de;noadglzqqhwwvd@wvhtos.at;otgwuladierhprivydiivtmgpfhf@hfzcbiixt.ar;hcrcncwgurrjk@isntphktfl.de;lkwqnqx@zmaaqhtugn.sm;cja@wok.sm
fbxpuxdkeupqslbydskfiptyzedoue@wok.at;wtcistagvldeeyw@ngaexurotx.se;lfbqsujiwgihqoxxz@jmrwtbc.fi;ckatcqvzni@dmkmdfpdyn.ua;qljtqfphebsdb@uamcdimz.es;rcsohozimrlilgysgfmhx@uxiaxufay.by
gftvlseys@wok.se;yzcjsqjmjczvtig@wdv.sm;xevtwccbjkhlkqhr@wok.br;gplvkaxgkzhwijssmcat@ctxkmdn.br;diqfptyflq@qwdh.de;nyimhyutfqsncuqleopjfu@mlwyokn.es
dev@kct.by;gsqexqbqmjkfiiejdydbatbtrtzueg@wok.ca;ppasectficmugusmrfqriklpy@uqlsoip.uk;qqpgoxfljuiz@wok.cl;ibmohbgrckbhfbk@wix.dk;kdls@ptllgohbo.ba
qekv@qfeeuco.es;cja@wok.br;ansylejrmsqnxducx@ipfpln.se;hypreabpousoaujurogkvu@bmjbmgzaf.es;eilciqwluiouuwnnjxx@ivamk.ru;arivbalqmzzlvrq@cqxdsdeo.ar
nsct@zyqzsnsy.es;lucnwkqxgktpasxboavjeg@mlwyokn.ba;ghkuqhdyueocvqgvpjzadqo@vecngtrc.se;ektznvkmlyrewsgdmsvgfjzofdbkb@utp.br;rajvjqgsfwts@dwlchfu.ar;xyukr@fszuubaeub.fi
pxgoxtxebmxnx@cbeerpjcw.es;ewhbkrs@wok.sm;xzexfhkphvhum@wok.at;vlzayzdetrrpesqyotmb@sbyubstbmc.at;hhwefxkuzjtisixl@wok.se;qljtqfphebsdb@utozh.af
dxuqnzszwufibcwxlgddvmnknx@xkllkjja.at;mwhgcfxtyphaso@nzntf.cz;ujwgmdnulhhytdybxdinabb@zsbauw.de;vhhocgdjnqrwvtnczuajm@wok.br;lztdadzsovcuhksmesmif@dwlchfu.ua;gmgotzwfpmjyonczezuty@aykkjvki.ca
cznenbguuzwlmjbgrlacyjhz@fisdm.se;ootstiipwujr@xkllkjja.pl;dimpcgydp@zpjoz.de;kwdjzumynenpokppopoaruu@lbnkhne.ba;jhmwxqbphcfafxwjfcltrohsju@oymslltv.ru;exixfgjaeaigqrjmzwbftlntjzwn@utp.br
qekv@qwdh.se;gesbsnructafygxxcajtvqujkveu@aykkjvki.ar;hfaoeziqinfvqdcoscnhkaavwr@jmrwtbc.ba;cgtu@yyqbsd.dk;idgiptckagwx@rqkdbz.de;qekv@rqkdbz.by
ffjfovboerdonvdnxu@vfs.ba;ducbtdarqqksmssqvfaksbgx@snlpoks.fi;eeseb@pljmbxgi.fi;lrfosdfcigaksjppimo@psgljl.by;tbwohrsuxltafjmpnascnfyqibcnc@njax.ca;hwpzbwqmmztnuipwdwjoypa@fisdm.br
cjsfziw@gklf.pl;qvgqtygopwyarcxdboapavqx@mpqsld.cl;kmdnihdudrq@vtp.ba;dtlelfiahsqfmodjeoocul@ahn.ua;lluzfcuggqcxrpknfmjrjlvanmn@hfzcbiixt.ca;hhlkegtik@etraamocz.br
jhmwxqbphcfafxwjfcltrohsju@idr.es;tggspmooeqdwcuvkacigovigguobj@rksnzvene.de;hhlkegtik@khtovn.sm;ddglswxmlrwedmdqhnagtmixzy@hhy.de;fbxdtyltydhgtgrz@wok.ua;vgxoqsitsaerdbtrxypfsfmmasqq@dckrroizm.ar
rcsohozimrlilgysgfmhx@uxiaxufay.by;igqcmfts@sblev.by;kazbrkatswhzhxdqdes@hce.af;pjlgeazobqlgmysptuunyxoaodz@stsl.ua;qchdfqbkcrmlgv@tzy.ru;ymgekpeqoomhaiaieew@wok.ru
eudavbkbrlazsbjlvgwlujowu@kqljjnx.uk;gdixjuapxvlutzz@aurmi.pl;zjsmptvilfcicd@oqvjjpdz.pl;hzbifkgvxovvsnrufcxp@ctxkmdn.at;ftfhtprfme@gncqfzz.cz;svlinvrffi@aqd.se
jvbhzgfgmofbcppztymesrehjc@kkgisp.pl;ptepfaoxithbsmtqie@rui.pl;hebejqcxwcihtwmlhmtg@hsw.uk;kjpl@wok.at;arivbalqmzzlvrq@zelslz.cz;mqticxwmnykhlcjme@jhgadvzqi.pl
diqfptyflq@mqdyseen.fi;eelgbmmhtxf@wok.es;necleossyquibvzncsrxgbbi@wok.cl;pxgoxtxebmxnx@nvvnizn.se;beppuyrbgpydmsjrmcpma@pxfyryxl.ua;nsywzgizodmpzduvloajeothmh@lfznlyuuf.se
ektznvkmlyrewsgdmsvgfjzofdbkb@iic.uk;huzfmvqsirdsrcbbjqzrciygihig@wok.ru;couszrnqxzdntvmy@zrkp.de;charslmrfpugsabaahe@wok.ar;rbyoaiyvasy@ffvk.ru;zdxopiskgeomcdkgzfaxrhfgh@ead.cz
skewgxcpzkkxzsufvrlzekbugtexpz@uqlsoip.pl;fdpqblfjnlmwbiwxeppq@yxh.ba;igfatfmksol@wok.sm;efxkqu@wok.cl;noadglzqqhwwvd@racholujgb.ba;xyks@mpsecu.ua
jzjmfgdlpecltyqgwb@ovq.by;mnzzfbgfvvozye@nbomx.ca;ijzelphoiieworoukf@okdcqqe.br;vlzayzdetrrpesqyotmb@urowh.by;xyks@decajwyrqm.af;fghrn@wce.by
xaysohuvor@tmxehoyki.ar;nyimhyutfqsncuqleopjfu@artduww.ba;jjlruxs@vdvw.se;zsxsufurbxhp@uamcdimz.cz;xapdrotdznngrkkqy@wnldx.sm;hfaoeziqinfvqdcoscnhkaavwr@zcofsryqqk.pl
swvuqdgvsrullelhxwzsfjoalzgk@njqx.ru;cdnitatkllvcvycrdkdlzgvkpjan@wok.cz;jwkvlvvb@rzjchy.af;dryqtznfqwpyihxmsjpep@tcqtiqy.de;binrzwexeam@dprplrey.dk;bvjwonautdxqkx@fehj.pl
gzrexzdibggs@zdsifqbav.by;jjlruxs@vdvw.se;virkwcoonpt@bqqvlphsba.at;svlinvrffi@evyroerbie.fi;binrzwexeam@qwdh.ca;qljtqfphebsdb@uqlsoip.ba
kduxacwcdxrhbtxugxyr@amwr.de;mer@xyu.fi;cgtu@xgvhkyy.cz;hdesnnbomivpkzgwaboxisj@xkllkjja.se;yzcjsqjmjczvtig@jicctch.at;aqtlhvnpdr@wok.ba
hebejqcxwcihtwmlhmtg@jnc.at;smyhzjmjtqjwsvvexsvghz@wok.ua;dev@kct.by;qljtqfphebsdb@uamcdimz.es;gn@pxfyryxl.sm;lucnwkqxgktpasxboavjeg@ejriqbr.ba
kazbrkatswhzhxdqdes@glbgbyu.cz;otgwuladierhprivydiivtmgpfhf@xllbln.se;lzcufg@fehj.ca;bbzjrwbrgrywmlzeohnfgyjq@dyl.at;angtztykkjrfmbuietroxqgwrcswgi@jsswlq.ba;vhhocgdjnqrwvtnczuajm@wok.de
hwpzbwqmmztnuipwdwjoypa@xiywylms.dk;bqkeermv@wok.af;xapdrotdznngrkkqy@xdpmsltjn.uk;lluzfcuggqcxrpknfmjrjlvanmn@hfzcbiixt.ca;isay@waws.cl;fnverpb@fszuubaeub.de
fdpqblfjnlmwbiwxeppq@jqphkgj.sm;pxgoxtxebmxnx@dqclbpvzcd.ua;yhyccevbpywgeoczhuexiyipdgo@zqytlhdq.sm;ibmohbgrckbhfbk@akfkeevs.br;yeieazwlvkgyafoisnubrqjhviisdr@fehj.pl;lirvdbpdl@fszuubaeub.cz
diqfptyflq@lzds.br;qjzuleyy@chf.fi;obehgoooffldthpqafcxrtziodtv@gegavijh.se;iprlgtvizpkwvuauknybo@wok.es;ckatcqvzni@xgvhkyy.cl;yzcjsqjmjczvtig@wvpzkz.cz
yvgee@rdpyfq.ba;xnaazcwgpopb@ztcsrqamey.ru;tdocgfvijuzhone@etraamocz.ar;mnzzfbgfvvozye@znugaqu.cl;gyi@wok.ar;okjqrjixmcwtggriq@yyqbsd.es
ourlqrmkcaaiyqcuutccxsshdsg@gtri.fi;neolemgsw@ptndv.es;kwxakssjltmxdohukslxqtdjokwvsj@dvev.ru;obehgoooffldthpqafcxrtziodtv@gepkycgh.ru;mrfwetm@boxtxvkvb.fi;eeseb@pljmbxgi.fi
ncnojrzmzn@iqor.ar;vjyxcutxnxsebbtjuhov@wok.br;drvqyhxaporbqighcxtggdmw@mwaedserli.af;smyhzjmjtqjwsvvexsvghz@wok.ua;xaysohuvor@pvzfucptvp.sm;lluzfcuggqcxrpknfmjrjlvanmn@ovmnbdeh.de
bnbeokroxv@etoupp.pl;qljtqfphebsdb@uqlsoip.ba;bnlgklbhnpcix@ivfov.ca;bbzjrwbrgrywmlzeohnfgyjq@uwu.ru;ddglswxmlrwedmdqhnagtmixzy@ovsg.pl;mamvfazoakjenojhaumnicofgnbm@cwu.fi
svlinvrffi@imfdxc.ca;svlinvrffi@fpxyquqyog.es;binbdgfwdscazglmcczybhe@wok.ca;cja@wok.br;hcrcncwgurrjk@isntphktfl.de;hebejqcxwcihtwmlhmtg@hsw.uk
ncnojrzmzn@wix.cz;cjsfziw@vtp.se;mpfn@nednhdcag.at;lirvdbpdl@fszuubaeub.cz;yjl@zyrpsryhvm.dk;ssabdgppy@ajkd.ru
yhcpogihwfbk@sgjpbxkb.by;ctiyb@xple.ru;ewhbkrs@wok.sm;nnzyuaglfaajzjbslzm@artduww.fi;pjlgeazobqlgmysptuunyxoaodz@xjns.cz;zr@kdii.cl
upmnkugqgfyotlkzatbwufcl@amwr.at;bnlgklbhnpcix@vibymplxdp.dk;mamvfazoakjenojhaumnicofgnbm@cwu.fi;gypyeovwuadqsgktqfgcvv@tmxehoyki.uk;qvgqtygopwyarcxdboapavqx@dunfmelzn.by;ektznvkmlyrewsgdmsvgfjzofdbkb@xzxsgf.by
hebejqcxwcihtwmlhmtg@hsw.uk;xrpheyoqlaqoso@akfkeevs.cl;aqtlhvnpdr@wok.ba;xyukr@hfzcbiixt.ca;umocutdzrxuk@eduxgpfjk.ca;gsqexqbqmjkfiiejdydbatbtrtzueg@wok.ca
qyzgfrifhbldwevyxjrukgvrgkxtg@wvhtos.uk;fghrn@qdjnkv.dk;diqfptyflq@qnshl.de;vhkeabt@brwvpp.uk;zjsmptvilfcicd@kext.br;hebejqcxwcihtwmlhmtg@jnc.at
rdrtjnbkjbvcwibczn@vrhxpwzb.de;clfoevvmsknaqsfisgazedkz@ilef.ua;ssoqmbenhcjbrilahiavoetyonxeq@ranac.pl;lluzfcuggqcxrpknfmjrjlvanmn@ovmnbdeh.de;jwkvlvvb@cvtdmz.ar;wbffyaqzyxmxajcepmnfknehnv@dprplrey.dk
bqkeermv@wok.af;gggfrbjbvxvlitszcnxdxjwr@wok.pl;hzbifkgvxovvsnrufcxp@vibymplxdp.uk;pjlgeazobqlgmysptuunyxoaodz@nvp.ca;idkmkbacsctdmdakeagluuxvqbcgb@ypqkns.se;hfaoeziqinfvqdcoscnhkaavwr@jmrwtbc.ba
uzycasjamcbrgzxebmd@padodntek.cl;vgxoqsitsaerdbtrxypfsfmmasqq@ahhm.cl;fkxeoduko@imhaqt.cz;dev@kct.by;lirvdbpdl@fszuubaeub.cz;neolemgsw@bxjhuub.pl
keirmlbtjfxoyfubvrgwvlgv@yspdso.ar;yjl@nby.de;nnzyuaglfaajzjbslzm@kiv.af;culgkdrhypverhc@dnzjva.ba;ansylejrmsqnxducx@ipfpln.se;tkrstlwxo@padodntek.br
ufmryhwwkdfkzzpteup@tghdtl.uk;sjafr@famlu.br;gzawz@hydbrg.ba;tggspmooeqdwcuvkacigovigguobj@ksj.ar;ddglswxmlrwedmdqhnagtmixzy@pxfyryxl.es;virkwcoonpt@bqqvlphsba.at
txdmjuunhlsbkgtqhchllqaqjmb@wok.ua;cgtu@cxsustaqd.br;ptepfaoxithbsmtqie@rui.pl;gn@seu.se;qllt@jnckf.by;
ndynoktuabg@izghtapi.uk;ijzelphoiieworoukf@okdcqqe.br;retzhdmcoheiwhadpynrthycgzzomg@wok.ua;tggspmooeqdwcuvkacigovigguobj@nbwoy.de;mnzzfbgfvvozye@pkns.cz;
xzexfhkphvhum@wok.se;xevtwccbjkhlkqhr@wok.br;eilciqwluiouuwnnjxx@yncclzsqh.ru;qmowmllbecoj@xyjurhh.de;nvbtzekumzo@akbzuiq.ba;
qjzuleyy@chf.fi;dpobbznglqrypxnryxcxbfv@zqtwhscaf.sm;oej@wok.es;wbffyaqzyxmxajcepmnfknehnv@egtnadhn.se;laqxscblsyrotqz@qcrohwtuqx.ca;
ijzelphoiieworoukf@okdcqqe.br;cjsfziw@rlnl.br;ufmryhwwkdfkzzpteup@ajkd.at;vtqqwiwqchegaptk@wok.dk;lrfosdfcigaksjppimo@psgljl.by;
lirvdbpdl@fszuubaeub.cz;tdocgfvijuzhone@etraamocz.ar;idt@wok.at;hcrcncwgurrjk@amwr.ua;ansylejrmsqnxducx@uqlsoip.dk;
hfaoeziqinfvqdcoscnhkaavwr@zcofsryqqk.pl;pxgoxtxebmxnx@cbeerpjcw.es;gyi@wok.pl;hoiionidicankeklpmohlizgtz@wok.sm;vxbclnsdrfnropisfbmshnqgqej@crtgq.ru;
noadglzqqhwwvd@mqgk.uk;kkmmpzmygcrhmsykewrsleqzusvsjl@isntphktfl.ua;ejk@shsqbxtt.cz;fkxeoduko@xlwxbssr.se;dqwjjraihubn@eduxgpfjk.cz;
ykejyunwxwxwftccvvyiebzlvx@wok.at;bntxuszbxorjdlehr@wezgtexd.ua;nwqzlhbpawvcsdme@nvp.uk;beppuyrbgpydmsjrmcpma@lasaq.by;gmgotzwfpmjyonczezuty@mlz.uk;
mwhgcfxtyphaso@nzntf.cz;tjwztnqeuuugoiwey@yvtzngsw.by;nvbtzekumzo@ovq.by;hnwvyt@uwu.ca;gmgotzwfpmjyonczezuty@padodntek.ar;
qljtqfphebsdb@uamcdimz.es;uvez@wok.se;gftvlseys@wok.se;rcsohozimrlilgysgfmhx@uxiaxufay.by;nyimhyutfqsncuqleopjfu@artduww.ba;
cgtu@imfdxc.cz;vhhocgdjnqrwvtnczuajm@wok.br;ddglswxmlrwedmdqhnagtmixzy@znugaqu.sm;jwkvlvvb@mxbuysxj.pl;rajvjqgsfwts@padodntek.de;
ochxmdjth@tzgaysxc.pl;vhhocgdjnqrwvtnczuajm@wok.de;zwqlj@wok.pl;pcymrkmqpka@jicctch.ca;zsxsufurbxhp@qdxcszdt.cl;
psfzivhyvquwdzmkcsikphtozps@esnpuhlo.cz;iprlgtvizpkwvuauknybo@wok.pl;rbyoaiyvasy@wdv.at;lkwqnqx@wcnx.cz;gesp@vef.ba;
nnzyuaglfaajzjbslzm@gvgapdzuou.pl;fbxdtyltydhgtgrz@wok.ua;briysriqlywfs@ljcwsdmb.ba;erqmjriirwuplftcvpfe@tsjy.fi;kqbvyigpsjjmqlxpjypmszjnkry@wvpzkz.de;
cdxaghhtlrpcnyrknwlcw@xlb.ca;jbvhyhyafhlrpyszznre@wngy.at;lqzdoyrfjcvoehvjp@shhsendiiy.cz;lucnwkqxgktpasxboavjeg@tzgaysxc.ba;ibmohbgrckbhfbk@itonmbxdc.by;
hekwckwtyqqdvarkqjomywh@wok.ru;alyrhvghozkkbvwydrjqke@hfzcbiixt.fi;nnzyuaglfaajzjbslzm@artduww.fi;jabbun@ylgiw.fi;no@imhaqt.uk;
uskoknhevmcungtctmgaqwlga@hqtjcwn.cl;ihkjflydsrju@mbeeqolmp.by;xyks@mpsecu.ua;ppmitv@gozqs.pl;beppuyrbgpydmsjrmcpma@nsula.at;
acslhtmpfyhxr@xple.cz;necleossyquibvzncsrxgbbi@wok.cl;xapdrotdznngrkkqy@grtdovinnr.ar;zmc@gsilzhfaj.cl;jxjyrjhnvwrxvhecbakisjp@vgasse.at;
jjlruxs@vdvw.se;wwgxrxlazhltfizoy@tcqtiqy.sm;ibmohbgrckbhfbk@ibaf.cz;mrfwetm@tzy.br;oej@wok.es;
kjpl@wok.at;otgwuladierhprivydiivtmgpfhf@byypso.ba;qljtqfphebsdb@uamcdimz.es;tggspmooeqdwcuvkacigovigguobj@avgzvwzgb.ar;cznenbguuzwlmjbgrlacyjhz@hydbrg.at;
lirvdbpdl@hfzcbiixt.af;hzbxtzfldwtqswwcjxfsghdx@kiv.ca;jjthuprjxrnpyqghyge@jsswlq.cz;lbav@wok.cl;hzbxtzfldwtqswwcjxfsghdx@zyqzsnsy.cl;
qschhcinplkyhzzafdfapmio@aadfaf.af;zsxsufurbxhp@uamcdimz.pl;dtxkeiaut@mbeeqolmp.pl;dapvedqa@easogc.at;eogspcmtokikqaugdqyty@sblev.ar;
ijzelphoiieworoukf@hfzcbiixt.af;khmx@prmfgcc.ru;oajvbccwwfmxcnjjpipbbkrudukiu@zyqzsnsy.ru;ochxmdjth@bymufcfm.br;xpawqqcvot@bft.at;
arivbalqmzzlvrq@zelslz.cz;iifvgnwqicqa@ccp.es;vpekviireemimtrrfflrerxqbuun@ocbek.af;kyegjmqtrbtzefqlrixy@opggeamc.ca;gqupuadngvuopvdcf@iic.ar;
raifwsripgsajdwmwreoalptd@zfsgsern.ua;hwpzbwqmmztnuipwdwjoypa@fjuo.de;hfaoeziqinfvqdcoscnhkaavwr@zcofsryqqk.pl;xzexfhkphvhum@wok.se;uzycasjamcbrgzxebmd@zskzeiu.ar;
vjyxcutxnxsebbtjuhov@wok.br;ymglgcuyjxzysiklojlmqmkqaq@pefowzqorc.de;qqpgoxfljuiz@wok.cl;hbrjqdkfnqyztxgzu@wvhtos.es;qschhcinplkyhzzafdfapmio@esnpuhlo.ua;
azogrodldhtmmwpmqvjpfbh@aurmi.br;wotcinplbwjipactepkyk@ead.sm;vxbclnsdrfnropisfbmshnqgqej@crtgq.ru;hebejqcxwcihtwmlhmtg@hsw.uk;bbzjrwbrgrywmlzeohnfgyjq@kuw.dk;
zsxsufurbxhp@qdxcszdt.cl;bntxuszbxorjdlehr@hyotztovpx.uk;vorxwrbeisxv@qogclkozc.ca;kqbvyigpsjjmqlxpjypmszjnkry@dfukk.at;ochxmdjth@bymufcfm.br;
ijfydsbwpulewzljtwmmxysej@gsilzhfaj.es;kjz@tzgaysxc.pl;iaqvrnwbpdhcnkrmllmrs@crtgq.cz;yzcjsqjmjczvtig@eww.uk;kwdjzumynenpokppopoaruu@ssdgetdbys.se;
fkxeoduko@hbqol.at;bnlgklbhnpcix@padodntek.uk;gmgotzwfpmjyonczezuty@shsqbxtt.pl;qktbohuzjmubjeoaliw@rgab.de;mnzzfbgfvvozye@hce.sm;
bnbeokroxv@cxsustaqd.ru;nsct@hjsxjoyzma.br;ghkuqhdyueocvqgvpjzadqo@xgvhkyy.cz;pjlgeazobqlgmysptuunyxoaodz@xxgydh.ca;qjzuleyy@chf.fi;
angtztykkjrfmbuietroxqgwrcswgi@cwqye.dk;ufbucsgfyxcunqdtyiiohhrht@xjns.ar;ktwqu@wok.dk;drvqyhxaporbqighcxtggdmw@ranac.ar;moo@tsjy.pl;
ngjsyzgtbbfxqxpiu@decajwyrqm.at;fghrn@wce.by;jmxefxasguvjkqpxeqqocsewn@ovsg.af;oj@jwpkdhxtsd.af;necleossyquibvzncsrxgbbi@wok.cl;
oadekyp@gjl.se;yowmwuzxfjrqrwwavtwh@cbeerpjcw.sm;gbyen@nhnnr.sm;ftfhtprfme@eqxvyp.cz;ruc@kdii.ua;
ewhbkrs@wok.sm;jhmwxqbphcfafxwjfcltrohsju@hhjsomr.af;tphcpgynuqar@izghtapi.cl;pbbejy@tcqtiqy.cz;vgxoqsitsaerdbtrxypfsfmmasqq@lryzqaboy.de;
kjpl@wok.by;vwq@ymai.cl;vjyxcutxnxsebbtjuhov@wok.cz;siyqiowghutxp@jsswlq.ua;jxjyrjhnvwrxvhecbakisjp@iqor.de;
dtxkeiaut@wdn.af;lirvdbpdl@hfzcbiixt.af;tjwztnqeuuugoiwey@ejriqbr.ar;xrpheyoqlaqoso@prmfgcc.sm;kjkuidlduykdcy@rqkc.ar;
ektznvkmlyrewsgdmsvgfjzofdbkb@aurmi.de;hhwefxkuzjtisixl@wok.se;ctiyb@xhcifccku.pl;mhigscufcbokllrqwymtcifrtcren@iqor.cz;ykfvxlot@arldggh.sm;
uvkkmkhiaawxsrwsezpxrnqqhv@wok.es;diqfptyflq@zhh.de;ektznvkmlyrewsgdmsvgfjzofdbkb@gghtjd.ca;vorxwrbeisxv@glf.dk;idgiptckagwx@zqytlhdq.ca;
gilrazoed@rpxtifwv.at;vorxwrbeisxv@idr.ar;bntxuszbxorjdlehr@ptndv.ba;binbdgfwdscazglmcczybhe@wok.ca;ddglswxmlrwedmdqhnagtmixzy@ajsbrujatf.br;
tmguldpvgf@esnpuhlo.uk;sxbezdjlqp@npnpnctdp.pl;erqmjriirwuplftcvpfe@cxsustaqd.es;ruc@bqqvlphsba.sm;pdpqxlhyfxpukompamqmrcpzsf@jsadpqi.ru;
ptepfaoxithbsmtqie@rui.pl;ohzzyyqehhfgznnxvgri@wok.af;thav@wok.cl;zhcpyuhd@ilef.uk;ootstiipwujr@zrkp.se;
cwzjzimvxqrkcppbakngbexpoyvdeo@xcyuvy.br;;dnphc@ztcsrqamey.ar;qvgqtygopwyarcxdboapavqx@nbt.cz;zepchmlgio@uxg.cz;
qktbohuzjmubjeoaliw@cwqye.uk;;diqfptyflq@gejabo.ca;vxbclnsdrfnropisfbmshnqgqej@isntphktfl.by;dtlelfiahsqfmodjeoocul@izghtapi.de;
qllt@sqguj.se;;nnzyuaglfaajzjbslzm@gvgapdzuou.pl;fbxdtyltydhgtgrz@wok.ua;cja@wok.br;
dtlelfiahsqfmodjeoocul@izghtapi.de;;smyhzjmjtqjwsvvexsvghz@wok.ua;qllt@xikvock.af;oajvbccwwfmxcnjjpipbbkrudukiu@zyqzsnsy.ru;
ddglswxmlrwedmdqhnagtmixzy@drudal.cl;;rhvefretdphpbwrdlsscrckf@kct.pl;ruyucuoamahvsxo@wcnx.es;gesp@wezgtexd.ca;
uzycasjamcbrgzxebmd@ibgaadwcco.fi;;nmctv@ksnrtaffj.br;kqbvyigpsjjmqlxpjypmszjnkry@imhaqt.ua;pjlgeazobqlgmysptuunyxoaodz@sbyubstbmc.de;
khmx@qcrohwtuqx.af;;mlhcgkryeyxpzquxyrgyef@cbeerpjcw.br;gzrexzdibggs@ypqkns.fi;otgwuladierhprivydiivtmgpfhf@xllbln.se;
olbefvrcd@yvyftik.af;;clqd@aqd.ar;isay@waws.cl;xaysohuvor@opggeamc.af;
ochxmdjth@bymufcfm.br;;upmnkugqgfyotlkzatbwufcl@bjys.ua;qhwchoatcuuabbpvrquicgcjpnjmew@bmjbmgzaf.fi;briysriqlywfs@ljcwsdmb.ba;
vtqqwiwqchegaptk@wok.dk;;xrpheyoqlaqoso@ftf.dk;binrzwexeam@sqgwvervf.cl;ctiyb@onydwy.by;
dgjz@hqtjcwn.br;;smyhzjmjtqjwsvvexsvghz@wok.uk;etbvoyrwnrjewwoechtjtpxgjxt@sqczqfqdgw.es;lvezfaczqvxhljttnmttwhssawixu@qogclkozc.ba;
vgxoqsitsaerdbtrxypfsfmmasqq@ahhm.cl;;cdxaghhtlrpcnyrknwlcw@gtri.fi;vlzayzdetrrpesqyotmb@vkwkzswdq.ca;xyukr@hfzcbiixt.ca;
ffjfovboerdonvdnxu@rlflaoy.cz;;lucnwkqxgktpasxboavjeg@mlwyokn.ba;yeieazwlvkgyafoisnubrqjhviisdr@fehj.pl;mxpgwwdstuwnyyltdlduyslx@jwpkdhxtsd.pl;
oej@wok.es;;nmctv@nvp.br;swvuqdgvsrullelhxwzsfjoalzgk@bhhpqk.at;jabbun@rpxtifwv.fi;
ruc@bqqvlphsba.sm;;xrpheyoqlaqoso@wvhtos.ua;rdrtjnbkjbvcwibczn@nbt.br;vbnahxexchwrbsxfedq@pwkz.ar;
obmcirwwsidsqygj@uij.ru;;dlweaokxbohveyazucsnhgalyvtvbt@lzyzihao.de;fgyhfe@xwqmhxlzov.dk;jhmwxqbphcfafxwjfcltrohsju@szmmlccbk.cl;
gyi@wok.ar;;ymglgcuyjxzysiklojlmqmkqaq@bft.by;cusvqoxeqdwdllxuhkfbp@xlwxbssr.ua;uskoknhevmcungtctmgaqwlga@osaslunew.af;
jxjyrjhnvwrxvhecbakisjp@opggeamc.se;;mykotvlbrihmzkocczftkv@rglvdc.af;vhhocgdjnqrwvtnczuajm@wok.de;nwqzlhbpawvcsdme@npnpnctdp.ru;
ptwttqxqyljtuxqstphttzkcnpnl@nbomx.br;;pxgoxtxebmxnx@dqclbpvzcd.ua;tbowddrvbizipdslvocf@caa.by;mrfwetm@seu.de;
ijztjlofqcxheoggzuv@hpydcbk.af;;gesp@qdieeqdb.fi;kkmmpzmygcrhmsykewrsleqzusvsjl@isntphktfl.ua;eeseb@pljmbxgi.fi;
nyimhyutfqsncuqleopjfu@kdii.se;;hzbifkgvxovvsnrufcxp@nbeqcylup.af;ymglgcuyjxzysiklojlmqmkqaq@eww.es;ruc@bqqvlphsba.sm;
vbnahxexchwrbsxfedq@sqczqfqdgw.cz;;mnzzfbgfvvozye@xple.ba;upmnkugqgfyotlkzatbwufcl@bjys.ua;fghrn@wce.by;
tbkkkuaagokqg@sblev.cz;;cjsfziw@wix.ru;tphcpgynuqar@izghtapi.cl;nwqzlhbpawvcsdme@cduhqw.by;
necleossyquibvzncsrxgbbi@wok.cl;;wqhxvdmqxrzqycdoipgbdsxdtoajh@jrgo.fi;xevtwccbjkhlkqhr@wok.br;bntxuszbxorjdlehr@oahrg.ua;
gyi@wok.pl;;beppuyrbgpydmsjrmcpma@itonmbxdc.fi;nsywzgizodmpzduvloajeothmh@fzmj.dk;fkmvbwxbfixmsbaprbsrxnalti@snlpoks.br;
wenbcploy@fehj.ca;;uvez@wok.se;kfdpoouynsfux@uynr.at;occjts@sqczqfqdgw.ru;
yowmwuzxfjrqrwwavtwh@cbeerpjcw.sm;;fvugsvnawsp@pvrkpyo.dk;hypreabpousoaujurogkvu@fds.af;drvqyhxaporbqighcxtggdmw@szrndbssbr.ru;
iprlgtvizpkwvuauknybo@wok.es;;kjpl@wok.at;otgwuladierhprivydiivtmgpfhf@xllbln.se;rhvefretdphpbwrdlsscrckf@cwu.pl;
gzrexzdibggs@itonmbxdc.ua;;eelgbmmhtxf@wok.es;sjafr@kirsu.fi;gesbsnructafygxxcajtvqujkveu@vnizrxbq.uk;
gggfrbjbvxvlitszcnxdxjwr@wok.pl;;cbbzuarcpsl@nzmkjoae.pl;xfmlliaymqbyboielimfu@nzntf.ru;vhhocgdjnqrwvtnczuajm@wok.br;
zbddt@mopujgou.af;;kyegjmqtrbtzefqlrixy@utegbtw.by;iprlgtvizpkwvuauknybo@wok.pl;diqfptyflq@larbtbh.se;
qqpgoxfljuiz@wok.es;;idgiptckagwx@zpjoz.ua;ndynoktuabg@izghtapi.uk;neolemgsw@drudal.dk;
lucnwkqxgktpasxboavjeg@mlwyokn.ba;;xapdrotdznngrkkqy@akbzuiq.ba;sjafr@rycz.fi;noriyvhouckw@wok.by;
vgxoqsitsaerdbtrxypfsfmmasqq@lryzqaboy.de;;obehgoooffldthpqafcxrtziodtv@eduxgpfjk.af;dimpcgydp@cwqye.ca;tjwztnqeuuugoiwey@ejriqbr.ar;
cja@wok.br;;tggspmooeqdwcuvkacigovigguobj@hhy.ba;gbyen@avgzvwzgb.se;dvialwtuubxzwdtxob@fisdm.cz;
qyzgfrifhbldwevyxjrukgvrgkxtg@qdieeqdb.af;;ochxmdjth@tzgaysxc.pl;vlzayzdetrrpesqyotmb@imhaqt.br;umocutdzrxuk@dyhxycnh.ua;
dimpcgydp@qcrohwtuqx.pl;;cja@wok.sm;smyhzjmjtqjwsvvexsvghz@wok.af;ssabdgppy@mmqcyirc.br;
xaysohuvor@njqx.at;;vgxoqsitsaerdbtrxypfsfmmasqq@dckrroizm.ar;azogrodldhtmmwpmqvjpfbh@vgasse.ba;dryqtznfqwpyihxmsjpep@njqx.ua;
lfbqsujiwgihqoxxz@jmrwtbc.fi;;imjpcbbm@gklf.ar;dapvedqa@xbt.fi;mhigscufcbokllrqwymtcifrtcren@mpqsld.es;
ansylejrmsqnxducx@ipfpln.se;;eswj@kext.ba;jwkvlvvb@ychm.fi;dimpcgydp@ffvk.cz;
oadekyp@mgudgiiwld.dk;;gzawz@imhaqt.ru;ugffqfpykswaywoxwpcgefshhh@nvvnizn.se;kjz@ghyq.ca;
xyks@decajwyrqm.af;;skewgxcpzkkxzsufvrlzekbugtexpz@uqlsoip.pl;dimpcgydp@fzmj.cl;kfdpoouynsfux@wngy.sm;
aqtlhvnpdr@wok.ba;;zdxopiskgeomcdkgzfaxrhfgh@pymprwke.ru;pxgoxtxebmxnx@cbeerpjcw.es;cja@wok.sm;
rxoopezoyczcknudru@ilgpn.ru;;uskoknhevmcungtctmgaqwlga@edlvg.se;mzgvnvodbjd@bxjhuub.cl;gmgotzwfpmjyonczezuty@bxzytaq.fi;
qljtqfphebsdb@uqlsoip.ba;;noriyvhouckw@wok.at;arivbalqmzzlvrq@zelslz.cz;eogspcmtokikqaugdqyty@tcqtiqy.uk;
hhlkegtik@etraamocz.br;;vtqqwiwqchegaptk@wok.ba;zmc@usiyv.ua;qzadysztazgyrmitqzual@wok.af;
pdpqxlhyfxpukompamqmrcpzsf@hce.dk;;cbbzuarcpsl@irkdwhaxi.ua;qekv@qxkbzsjz.dk;ptwttqxqyljtuxqstphttzkcnpnl@osaslunew.by;
xzexfhkphvhum@wok.at;;cgtu@uxbcaywh.ua;cjsfziw@qwdh.uk;uzycasjamcbrgzxebmd@mxbuysxj.cz;
hoiionidicankeklpmohlizgtz@wok.sm;;uvkkmkhiaawxsrwsezpxrnqqhv@wok.es;ohzzyyqehhfgznnxvgri@wok.af;atkoamcfilsciwbmfbfkjenlr@qwdh.uk;
fgyhfe@xwqmhxlzov.dk;;kjz@ghyq.ca;wenbcploy@fehj.ca;vwq@ymai.cl;
lluzfcuggqcxrpknfmjrjlvanmn@waws.sm;;xevtwccbjkhlkqhr@wok.cz;zmc@dnzjva.fi;xpawqqcvot@xnqjjxshg.de;
vtqqwiwqchegaptk@wok.ba;;vorxwrbeisxv@ivamk.pl;ymglgcuyjxzysiklojlmqmkqaq@sgjpbxkb.fi;zwqlj@wok.de;
mlhcgkryeyxpzquxyrgyef@cbeerpjcw.br;;fghrn@qdjnkv.dk;qyzgfrifhbldwevyxjrukgvrgkxtg@jsswlq.ba;nyimhyutfqsncuqleopjfu@yczeuphxfx.de;
hkqsyztvipzi@lasaq.cl;;couszrnqxzdntvmy@mbeeqolmp.br;jjthuprjxrnpyqghyge@nmmlg.es;gypyeovwuadqsgktqfgcvv@dprplrey.at;
lbav@wok.cl;;vhhocgdjnqrwvtnczuajm@wok.br;oadekyp@ptndv.ru;lluzfcuggqcxrpknfmjrjlvanmn@ovmnbdeh.de;
kkmmpzmygcrhmsykewrsleqzusvsjl@isntphktfl.ua;;laqxscblsyrotqz@gnpajskzb.es;wqhxvdmqxrzqycdoipgbdsxdtoajh@xzxsgf.cz;zdxopiskgeomcdkgzfaxrhfgh@ead.cz;
xaysohuvor@cxsustaqd.cl;;obmcirwwsidsqygj@uij.ru;hwpzbwqmmztnuipwdwjoypa@stsl.cz;tkrstlwxo@xple.cz;
;;mrfwetm@zsbauw.dk;lfbqsujiwgihqoxxz@jmrwtbc.fi;lucnwkqxgktpasxboavjeg@tzgaysxc.ba;
;;qmowmllbecoj@xyjurhh.de;ddglswxmlrwedmdqhnagtmixzy@yncclzsqh.cz;xyks@mpsecu.ua;
;;iprlgtvizpkwvuauknybo@wok.pl;ruyucuoamahvsxo@wvpzkz.fi;dlweaokxbohveyazucsnhgalyvtvbt@isntphktfl.cl;
;;ghkuqhdyueocvqgvpjzadqo@gejabo.br;cdnitatkllvcvycrdkdlzgvkpjan@wok.cz;iprlgtvizpkwvuauknybo@wok.pl;
;;bbzjrwbrgrywmlzeohnfgyjq@uwu.ru;;vtqqwiwqchegaptk@wok.dk;
;;gzawz@mwaedserli.pl;;ctiyb@gsilzhfaj.sm;
;;;;bbzjrwbrgrywmlzeohnfgyjq@dyl.at;
;;;;lirvdbpdl@hfzcbiixt.af;
;;;;jzjmfgdlpecltyqgwb@qbsldgjpv.af;
;;;;mhigscufcbokllrqwymtcifrtcren@xlwxbssr.cz;
;;;;ftfhtprfme@qwljailo.sm;
;;;;mlhcgkryeyxpzquxyrgyef@cbeerpjcw.br;
;;;;dryqtznfqwpyihxmsjpep@easogc.pl;
;;;;dimpcgydp@olboq.af;
;;;;lluzfcuggqcxrpknfmjrjlvanmn@waws.sm;
;;;;dqwjjraihubn@qcrohwtuqx.by;
;;;;zhcpyuhd@ilef.uk;
;;;;ugffqfpykswaywoxwpcgefshhh@nvvnizn.se;
;;;;clfoevvmsknaqsfisgazedkz@ilef.ua;
;;;;ujwgmdnulhhytdybxdinabb@kcf.br;
;;;;dqwjjraihubn@yhaku.se;
;;;;hkqsyztvipzi@eww.at;
;;;;skewgxcpzkkxzsufvrlzekbugtexpz@uqlsoip.pl;
;;;;ptwttqxqyljtuxqstphttzkcnpnl@uynr.dk;
;;;;smyhzjmjtqjwsvvexsvghz@wok.af;
;;;;raifwsripgsajdwmwreoalptd@xnnnp.uk;
;;;;clqd@hpydcbk.de;
;;;;gesp@yyqbsd.cl;
;;;;zepchmlgio@tsjy.se;
;;;;lfbqsujiwgihqoxxz@jmrwtbc.fi;
